{
    "name": "root",
    "metadata": {
        "timer_format_version": "0.1.0",
        "start_time_seconds": "1741408320",
        "python_version": "3.8.20 (default, Oct  3 2024, 15:19:54) [MSC v.1929 64 bit (AMD64)]",
        "command_line_arguments": "C:\\Users\\tarun\\anaconda3\\envs\\RL_Project_Py38\\Scripts\\mlagents-learn --run-id NoConfigChanges3",
        "mlagents_version": "0.30.0",
        "mlagents_envs_version": "0.30.0",
        "communication_protocol_version": "1.5.0",
        "pytorch_version": "2.4.1+cpu",
        "numpy_version": "1.21.2",
        "end_time_seconds": "1741408370"
    },
    "total": 49.9452996,
    "count": 1,
    "self": 0.010567600000001676,
    "children": {
        "run_training.setup": {
            "total": 0.05025119999999994,
            "count": 1,
            "self": 0.05025119999999994
        },
        "TrainerController.start_learning": {
            "total": 49.8844808,
            "count": 1,
            "self": 0.0524249999999995,
            "children": {
                "TrainerController._reset_env": {
                    "total": 10.498061499999999,
                    "count": 1,
                    "self": 10.498061499999999
                },
                "TrainerController.advance": {
                    "total": 39.084935900000005,
                    "count": 1406,
                    "self": 0.05278150000006576,
                    "children": {
                        "env_step": {
                            "total": 38.73309199999996,
                            "count": 1406,
                            "self": 34.94640319999999,
                            "children": {
                                "SubprocessEnvManager._take_step": {
                                    "total": 3.7547044000000067,
                                    "count": 1406,
                                    "self": 0.16739959999991783,
                                    "children": {
                                        "TorchPolicy.evaluate": {
                                            "total": 3.587304800000089,
                                            "count": 1401,
                                            "self": 3.587304800000089
                                        }
                                    }
                                },
                                "workers": {
                                    "total": 0.031984399999959834,
                                    "count": 1405,
                                    "self": 0.0,
                                    "children": {
                                        "worker_root": {
                                            "total": 19.35849970000004,
                                            "count": 1405,
                                            "is_parallel": true,
                                            "self": 8.796976800000095,
                                            "children": {
                                                "steps_from_proto": {
                                                    "total": 0.005562799999999868,
                                                    "count": 1,
                                                    "is_parallel": true,
                                                    "self": 0.0021070999999999174,
                                                    "children": {
                                                        "_process_rank_one_or_two_observation": {
                                                            "total": 0.0034556999999999505,
                                                            "count": 4,
                                                            "is_parallel": true,
                                                            "self": 0.0034556999999999505
                                                        }
                                                    }
                                                },
                                                "UnityEnvironment.step": {
                                                    "total": 10.555960099999943,
                                                    "count": 1405,
                                                    "is_parallel": true,
                                                    "self": 0.22389169999999226,
                                                    "children": {
                                                        "UnityEnvironment._generate_step_input": {
                                                            "total": 0.20020129999992875,
                                                            "count": 1405,
                                                            "is_parallel": true,
                                                            "self": 0.20020129999992875
                                                        },
                                                        "communicator.exchange": {
                                                            "total": 9.378027699999945,
                                                            "count": 1405,
                                                            "is_parallel": true,
                                                            "self": 9.378027699999945
                                                        },
                                                        "steps_from_proto": {
                                                            "total": 0.7538394000000768,
                                                            "count": 1405,
                                                            "is_parallel": true,
                                                            "self": 0.3897762000002025,
                                                            "children": {
                                                                "_process_rank_one_or_two_observation": {
                                                                    "total": 0.36406319999987424,
                                                                    "count": 5620,
                                                                    "is_parallel": true,
                                                                    "self": 0.36406319999987424
                                                                }
                                                            }
                                                        }
                                                    }
                                                }
                                            }
                                        }
                                    }
                                }
                            }
                        },
                        "trainer_advance": {
                            "total": 0.2990623999999791,
                            "count": 1405,
                            "self": 0.05255619999994998,
                            "children": {
                                "process_trajectory": {
                                    "total": 0.2465062000000291,
                                    "count": 1405,
                                    "self": 0.2465062000000291
                                }
                            }
                        }
                    }
                },
                "trainer_threads": {
                    "total": 1.5999999973814738e-06,
                    "count": 1,
                    "self": 1.5999999973814738e-06
                },
                "TrainerController._save_models": {
                    "total": 0.2490567999999982,
                    "count": 1,
                    "self": 0.018581299999993917,